77771111, Prostate1, Plan1
77771111, Prostate1, Halcyon
77771111, Prostate1, Physics 1.0a
77771111, Prostate1, Physics 1.0e
77771111, Prostate1, Physics 1.0b
77771111, Prostate1, Physics 1.0c
77771111, Prostate1, Physics 1.0d
77771111, Prostate1, SPARK
77771111, Prostate1, test prostate
77771111, Prostate1, rp test
77771111, Prostate1, TahirPlan1
77771111, Prostate1, RP test 2
77771111, Prostate1, varian_class
77771111, Prostate1, ASTROtest
77771111, Prostate1, test_varian
77771111, Prostate1, rp_varian
77771111, Prostate1, rp_varian1
77771111, Prostate1, clearcheck
77771111, Prostate1, IMRT test
77771111, Prostate1, klm_imrt
77771111, Prostate1, VARIAN CLASS
77771111, Prostate1, Plan2
77771111, Prostate1, UseThisOne
77771111, Prostate1, RPtest varian
77771111, Prostate1, varianclass 2
77771111, Prostate1, marcustest
77771111, Prostate1, test_class
, , Plan2
77771111, 0_Auto3/14/22, Plan2
